Name,Price
Máy tính bảng Kindle Fire HD10 2023 13th - 32Gb - Hàng chính hãng,3560000
Máy đọc sách All New Kindle Paperwhite 5 (11th Gen) - Hàng nhập khẩu,3950000
Điện Thoại Oppo A18 (4GB/128GB) - Hàng Chính Hãng,3250000
Điện Thoại POCO C65 (8GB/256GB) - Hàng Chính Hãng,2990000
Apple iPhone 13,13490000
Combo Máy đọc sách All New Kindle Paperwhite 5 (11th Gen) và Bao da - Hàng nhập khẩu,3950000
Điện Thoại Oppo A58 6GB/128GB - Hàng Chính Hãng,4090000
iPhone 15 Pro Max 256GB Titan Tự Nhiên,28490000
Điện Thoại POCO C65 (6GB/128GB) - Hàng Chính Hãng,2690000
"Combo Máy đọc sách All New Kindle Paperwhite 5 (11th Gen) và Bao da FOR KIDS (Bản KIDS, Không Quảng Cáo) - Hàng chính hãng",4360000
Điện Thoại Nokia C20 2GB/16GB - Hàng Chính Hãng,1050000
Apple iPhone 11,8290000
Điện thoại Xiaomi Redmi Note 13 (8GB/128GB) - Hàng chính hãng,4250000
Máy tính bảng Kindle Fire Max 11 inch - 13th - 2023 - Ram 4Gb - Hàng chính hãng,5120000
Điện Thoại Nokia C30 (2GB/32GB) - Hàng Chính Hãng,1490000
Điện thoại Xiaomi Redmi Note 12 (8GB/128GB) - Hàng chính hãng,4040000
Máy Tính Bảng Samsung Galaxy Tab A9 Wifi 4GB/64GB - Hàng Chính Hãng,2590000
Máy đọc sách All New Kindle Oasis 3 - Hàng nhập khẩu,6560000
Điện thoại Samsung Galaxy A15 (8GB/256GB)  - Đã kích hoạt bảo hành điện tử - Hàng Chính Hãng,4290000
Máy đọc sách New Kindle 11th 2022 (16GB) - Hàng chính hãng,2890000
Điện thoại Tecno SPARK 10 Pro 8GB/128GB  Hàng chính hãng,2490000
Máy đọc sách Kindle Scribe - Hàng chính hãng,12560000
Điện thoại Nokia 3210 - Hàng Chính Hãng,1490000
Điện thoại Xiaomi Redmi Note 13 (6GB/128GB) - Hàng chính hãng,4050000
Điện Thoại Samsung Galaxy A15 LTE (8GB/128GB)- Đã Kích Hoạt Bảo Hành Điện tử - Hàng Chính Hãng,3990000
Combo Máy đọc sách All New Kindle Paperwhite 5 (11th Gen) - 16Gb và Bao da - Hàng nhập khẩu,4060000
Điện thoại Samsung Galaxy A54 5G - Đã kích hoạt bảo hành điện tử - Hàng chính hãng,5990000
Máy tính bảng Máy tính bảng Alcatel Tab 3T8 (2GB/32GB) - Hàng chính hãng,979000
Máy đọc sách All New Kindle Paperwhite 5 (11th Gen) - Hàng nhập khẩu,3950000
Apple iPad 10.2-inch (9th Gen) Wi-Fi 2021,6990000
Điện Thoại Samsung Galaxy A35 5G (8GB/128GB)- Đã Kích Hoạt Điện Tử- Hàng Chính Hãng,6850000
"Apple iPad 10.9-inch (10th Gen) Wi-Fi, 2022",9490000
Máy đọc sách Boox Go 10.3 - Hàng chính hãng,10890000
Apple iPhone 14,16490000
Apple iPad Air 6 M2 11-Inch Wi-Fi,16290000
Điện thoại Xiaomi Redmi 10 2022 (4GB/128GB) - Hàng chính hãng,3890000
Điện thoại ZTE Blade A55 4GB/64GB - Hàng Chính Hãng,2090000
"Điện thoại AI Samsung Galaxy S24 Ultra 12GB/256GB, Camera 200MP Zoom 100x, S Pen- Tím- Hàng Chính Hãng",28020000
Điện thoại Samsung Galaxy A23 5G (4GB/128GB) - Đã kích hoạt bảo hành điện tử - Hàng chính hãng,3590000
Điện Thoại Samsung Galaxy A55 5G (8GB/128GB)- Đã Kích Hoạt Điện Tử- Hàng Chính Hãng,8490000
Điện thoại ZTE Blade A35 4GB/64GB - Hàng Chính Hãng,1599000
Điện thoại Tecno Pova 6 8GB/256GB - Hàng Chính Hãng,5290000
Điện thoại OPPO Reno12F 5G (8GB/256GB) - Hàng Chính Hãng,9450000
Máy Đọc Sách BOOX Tab Mini C - Hàng Chính Hãng,11690000
Điện thoại Nokia 105 4G Pro - Hàng chính hãng,839000
Máy đọc sách Kindle Paperwhite 5 (16GB) - Đen - Hàng chính hãng,4190000
Điện Thoại Xiaomi Redmi Note 12 Pro 4G 8GB/256GB - Hàng Chính Hãng,5500000
iPhone 15,19490000
Combo máy đọc sách Kindle Paperwhite 5 (11th gen) tặng kèm bao da ( Cover ) - Hàng nhập khẩu,3980009
Máy đọc sách All New Kindle Paperwhite 5 (11th Gen) - Hàng chính hãng,4060500
"Điện thoại Samsung Galaxy Z Flip6, điện thoại AI, 256GB, pin lớn nhất, Flexcam 50MP - Hàng chính hãng",26990000
Điện thoại Samsung Galaxy A34 5G (8GB/256GB) - Đã kích hoạt bảo hành điện tử  Hàng chính hãng,5990000
Điện thoại Samsung Galaxy A05s (4GB/128GB) - Đã kích hoạt bảo hành điện tử - Hàng chính hãng,3290000
Máy đọc sách All New Kindle Oasis 3 - Hàng nhập khẩu,6590000
Điện Thoại Nokia 105 4G Pro - Hàng Chính Hãng,849000
Điện thoại Realme Note 50 4GB/128GB - Hàng chính hãng,2450000
Điện Thoại POCO X6 5G (12GB/256GB) - Hàng Chính Hãng,8690000
Máy đọc sách All New Kindle Paperwhite 5 (11th Gen) - Hàng nhập khẩu,3950000
Điện thoại Realme C65 (6GB/128GB) - Hàng Chính Hãng,3090000
Điện Thoại Samsung Galaxy A25 5G (6GB/128GB) - Hàng chính hãng,5780000
Điện thoại Realme C65 (8GB/256GB) - Hàng Chính Hãng,3790000
Combo Máy đọc sách All New Kindle Paperwhite 5 (11th Gen) và Bao da - Hàng nhập khẩu,3950000
Điện thoại Tecno Camon 30 (12GB/256GB) - Hàng Chính Hãng,5590000
Apple iPad Pro M4 11-Inch Wi-Fi,26990000
Điện thoại bàn Panasonic  KX-TS500MX-hàng chính hãng,300000
Máy tính bảng Kindle Fire HD10 2023 13th - 32Gb - Hàng chính hãng,3560000
iPhone 15 Plus,22490000
Điện thoại Tecno POVA 5 8GB/128GB  Hàng Chính Hãng,3490000
Điện thoại Realme C53 (8GB/256GB) - Hàng Chính Hãng,3450000
"Combo Máy đọc sách All New Kindle Paperwhite 5 (11th Gen) và Bao da FOR KIDS (Bản KIDS, Không Quảng Cáo) - Hàng chính hãng",4360000
Máy đọc sách Boox Palma - Hàng Chính Hãng,7190000
Điện thoại Tecno SPARK 10 Pro 8GB/256GB - Helio G88 | 5000 mAh | Sạc nhanh 18W | Cảm ứng vân tay - Hàng chính hãng,4490000
Điện thoại Panasonic KX-TGB110CX -Hàng chính hãng,759000
Máy đọc sách Kindle Scribe - Hàng chính hãng,12560000
Combo máy đọc sách Kindle Paperwhite 5 (11th gen) tặng kèm bao da ( Cover ) - Hàng nhập khẩu,4018000
Máy đọc sách All New Kindle Paperwhite 5 (11th Gen) - Hàng chính hãng,3910200
Máy đọc sách Pocketbook Era Color- Hàng chính hãng,7090000
Combo Máy đọc sách All New Kindle Paperwhite 5 (11th Gen) - 16Gb và Bao da - Hàng nhập khẩu,4060000
Apple iPad Air 6 M2 13-Inch Wi-Fi+ Cellular,21990000
Điện thoại Realme C61 (6GB/128GB) - Hàng Chính Hãng,3090000
Combo Máy đọc sách All New Kindle Paperwhite 5 (11th Gen) và Bao da - Hàng nhập khẩu,3950000
Máy tính bảng Kindle Fire Max 11 inch - 13th - 2023 - Ram 4Gb - Hàng chính hãng,5120000
Apple iPad Air 6 M2 13-Inch Wi-Fi,19990000
Máy đọc sách Boox Note Air 3 C - Hàng Chính Hãng,13890000
Điện Thoại Samsung A05 4GB/64GB - Hàng Chính Hãng,2709000
Điện thoại ZTE Blade A51 2GB/32GB - Hàng Chính Hãng,1290000
Điện thoại Realme C67 (8GB/128GB) - Hàng Chính Hãng,3890000
Điện thoại Tecno SPARK 20 (8+8)GB/128GB - Helio G85 | 5000 mAh | Sạc nhanh 18W | Hàng Chính Hãng,3490000
Điện Thoại POCO X6 5G (8GB/256GB) - Hàng Chính Hãng,8190000
Điện thoại bàn Panasonic KX-TGC310 hàng chính hãng,1090000
Điện thoại Tecno SPARK 20 Pro+ 8GB/256GB - Hàng chính hãng,4650000
Máy tính bảng Samsung Galaxy Tab A9 Wifi / LTE (4GB/64GB) - Hàng chính hãng,2739000
Máy đọc sách Boox Page - Hàng Chính Hãng,6690000
Máy đọc sách All New Kindle Oasis 3 - Hàng nhập khẩu,6560000
Điện thoại Samsung Galaxy A05s (4GB/128GB) - Hàng chính hãng,3625000
Điện thoại Xiaomi Redmi Note 13 Pro 5G - Hàng Chính Hãng,9205000
Máy đọc sách Boox Go Color 7- Đen - Hàng chính hãng,7190000
Điện Thoại Xiaomi Redmi Note 13 6GB/128GB - Hàng Chính Hãng,4029000
Điện Thoại Vsmart Bee Lite 2GB/16GB - Hàng Chính Hãng,969000
Máy đọc sách New Kindle 11th 2022 (16GB) - Hàng nhập khẩu,3060000
OPPO Reno12 F 5G 12GB/256GB - Hàng Chính Hãng,9990000
Combo Máy đọc sách All New Kindle Paperwhite 5 (11th) KIDS EDITTION (KHÔNG QUẢNG CÁO) và Bao da - Hàng chính hãng,4100000
Điện Thoại Bàn Panasonic KX-TSC11 - Hàng Chính Hãng,600000
Điện thoại bàn Panasonic KX-TGD310 hàng chính hãng,1230000
ĐIỆN THOẠI CỐ ĐỊNH PANASONIC KX-TS580MX,940000
"Điện thoại Samsung Galaxy Z Fold6, 256GB, điện thoại AI, màn hình cực đại 7.6"", mỏng nhẹ nhất - Hàng chính hãng",40890000
Điện thoại bàn Panasonic KX-TSC11 hàng chính hãng,600000
Điện thoại POCO X6 Pro 5G (8GB/256GB) - Hàng Chính Hãng,9690000
Điện thoại Tecno Camon 30 (8GB/256GB) - Hàng Chính Hãng,5250000
Máy đọc sách BOOX Poke 5 2024 - Hàng Chính Hãng,4990000
Điện thoại Tecno POVA 5 8GB/256GB  Hàng Chính Hãng,4050000
Điện Thoại Nokia C30 2GB/32GB - Hàng Chính Hãng,1649000
Máy tính bảng Xiaomi Redmi Pad Pro 6GB/128GB - Hàng chính hãng,6490000
Điện Thoại Itel S23 128GB/16GB (8GB+8GB) | Pin 5000mAh | 6.6 Inch | Camera 50MP | 90Hz | Face ID - Hàng chính Hãng,2090000
"Điện thoại oukitel wp23 ( chống nước,chống va đập,pin 10600mAh,Ram 4Gb.Rom 64Gb,màn hình 6.52 inch,mạng 2,3,4G,Android 13 )-hàng chính hãng",3990000
Máy đọc sách Kindle Oasis Edition 3 (8GB) - Hàng chính hãng,6090000
Điện thoại bàn treo tường TC990,250000
Máy đọc sách New Kindle 11th 2022 (Kids) kèm bao da - Hàng Chính Hãng,3090000
Điện thoại bàn Panasonic KX-TGB110 hàng chính hãng,830000
Combo máy đọc sách Kindle 2022 (11th) tặng kèm bao da ( Cover ) - Hàng nhập khẩu,3081000
"Điện thoại cố định Panasonic KX-TS 500 (Đen, trắng, xanh, đỏ, xám) -Hàng Chính Hãng",289000
"Máy đọc sách Kobo Libra (Libra Colour, Libra 2) - hàng nhập khẩu",5586000
"Combo Máy đọc sách All New Kindle Paperwhite 5 (11th Gen) và Bao da FOR KIDS (Bản KIDS, Không Quảng Cáo) - Hàng chính hãng",3950000
Điện thoại Samsung Galaxy A05 (4GB/128GB) - Đã kích hoạt bảo hành điện tử - Hàng chính hãng,2817000
Điện Thoại Xiaomi Redmi Note 13 Pro 8GB/128GB - Hàng Chính Hãng,6179000
Điện thoại Samsung Galaxy A15 LTE (8GB/256GB) - Hàng chính hãng,4729000
Điện thoại bàn Ktel 645 hàng chính hãng,430000
"Điện thoại Tecno SPARK GO 2024 (4+4)GB/64GB - Unisoc T606 | 5000 mAh | 6,6"" HD+ | Hàng Chính Hãng",2190000
Điện thoại Tecno POVA 5 (8+8)/256GB - MediaTek Helio G99 - Sạc nhanh 45W - 6.8'' FHD+120HZ - Hàng Chính Hãng -  BH 13 Tháng,5290000
Điện thoại Tecno POVA 5 (8+8)/128GB - MediaTek Helio G99 - Sạc nhanh 45W - 6.8'' FHD+120HZ - Hàng Chính Hãng - BH 13 Tháng,4490000
Điện thoại Oppo A78 (8GB/256GB) - Hàng chính hãng,6140000
Điện thoại Tecno CAMON 20 Pro 8GB/256GB - Hàng Chính Hãng,4250000
Xiaomi Redmi 13 (8+128G) - Hàng Chính Hãng,4549000
Điện Thoại Itel S23 16GB(8GB+8GB)/256GB | Pin 5000mAh | 6.6 Inch | Camera 50MP | HÀNG CHÍNH HÃNG,2390000
Điện Thoại Samsung Galaxy A05s (4GB/128GB) - Hàng Chính Hãng,3625000
Máy tính bảng Samsung Galaxy Tab A9 (Wi-Fi) 4GB/64GB - Hàng chính hãng,3256700
Điện thoại Samsung Galaxy Z Fold6 12GB/512GB - Độc quyền online - Hàng chính hãng,44990000
Điện thoại Oppo A18 - Hàng chính hãng,2989000
Combo Máy đọc sách All New Kindle Paperwhite 5 (11th Gen) - 16Gb và Bao da - Hàng nhập khẩu,4060000
Máy đọc sách Kindle Scribe kèm bút Kèm bút Premium - Hàng chính hãng,11490000
Máy tính bảng Samsung Galaxy Tab S9 FE 5G 6GB/128GB - Hàng chính hãng,10212000
Máy tính bảng Masstel Tab 10.4 - Hàng chính hãng,3990000
"Máy tính bảng Kindle Fire HD8 2022 (Fire HD 8 12th) - Màn hình 8inch HD, RAM 2GB, CPU Hexa-core 2.0 GHz, CÀI ĐƯỢC CH PLAY- Hàng nhập khẩu",2050000
Máy đọc sách Kindle Paperwhite 5 (8GB) - Hàng chính hãng,3790000
Điện Thoại Samsung A05 4GB/128GB - Hàng Chính Hãng,2919000
"Máy đọc sách Kindle 2022 (11th) - All new kindle 2022 11th màn hình 6inch 300PPI gấp 2 lần độ sắc nét, 16GB bộ nhớ trong với cổng kết nối USB-C - Hàng nhập khẩu",3090000
"Điện thoại thông minh siêu bền Oukitel WP28 (màn hình 6.52‘' ,HD+ ,pin 10600mAh ,Ram 15Gb(8GB+7Gb),Rom 256GB ,Android13, camera 48MP)-hàng chính hãng",4990000
Điện thoại Realme C60 (4GB/64GB) - Hàng chính hãng,2529000
Điện thoại bàn không dây Panasonic KX-TGC312 - Hàng chính hãng,1360000
Điện thoại bàn Panasonic KX-TGC312 hàng chính hãng,1690000
Điện Thoại Bàn Panasonic KX-TSC11,669000
Điện Thoại Nokia 220 4G - Hàng Chính Hãng,1289000
Điện Thoại Samsung A05s 4GB/128GB - Hàng Chính Hãng,3569000
Điện thoại Panasonic KX-TGD312CX -Hàng chính hãng,1779000
Điện thoại OPPO Reno12 5G (12GB/256GB) - Hàng Chính Hãng,12950000
Điện thoại Samsung Galaxy S24 8GB/256GB - Độc quyền Online - Hàng chính hãng,16990000
Điện thoại OPPO A79 5G (8GB/256GB) - Hàng Chính Hãng,7290000
Máy tính bảng Kindle Fire HD10 2023 13th - 32Gb - Hàng chính hãng,3200000
Điện thoại Samsung Galaxy S24 Ultra 12GB/256GB - Độc quyền Online - Hàng chính hãng,28990000
Máy tính bảng quản lý thời gian sử dụng dành cho trẻ em Tab8 Kidzone-1 đổi 1 trong vòng 100 ngày,1990000
Điện Thoại Samsung A15 8GB/128GB - Hàng Chính Hãng,4199000
Máy tính bảng Xiaomi Redmi Pad Pro 8GB/128GB - Hàng chính hãng,7760000
Apple iPad Pro M4 13-Inch Wi-Fi,36990000
Điện thoại Xiaomi 14 Ultra (16GB/512GB) - Hàng chính hãng,28649000
Điện thoại Xiaomi Redmi Note 13 (8GB/128GB) - Hàng chính hãng,4689000
Máy tính bảng Kindle Fire Max 11 inch - 13th - 2023 - Ram 4Gb - Hàng chính hãng,5120000
Điện Thoại Oppo A58 6GB/128GB - Hàng Chính Hãng,4079000
Điện thoại Samsung Galaxy S24 Ultra 12GB/512GB - Độc quyền Online - Hàng chính hãng,32490000
Điện thoại Samsung Galaxy S23 FE (8GB/256GB) - Hàng chính hãng,13390000
Điện thoại Xiaomi Redmi Note 13 Pro 5G 8GB/256GB - Hàng Chính Hãng,7890000
Điện thoại Samsung Galaxy S24+ 12GB/256GB - Độc quyền Online - Hàng chính hãng,22990000
Apple iPad Pro M4 11-Inch Wi-Fi+ Cellular,30990000
Điện Thoại Samsung Galaxy S24 Ultra (12GB/256GB) - Hàng Chính Hãng,25590000
Điện thoại Samsung Galaxy Z Fold6 12GB/1TB - Độc quyền online - Hàng chính hãng,51990000
"Điện thoại oukitel  wp21 (Ram 12Gb,Rom 256Gb ,chống sốc,chống nước,pin khủng, pin 9.800mAh) - hàng chính hãng",9970000
Điện thoại Xiaomi Redmi 12 (4GB-128GB) - Hàng Chính Hãng,2979000
Điện thoại Xiaomi Redmi Note 13 Pro 8GB/256GB - Hàng Chính Hãng,7790000
"ulefone Armor 24 (TIÊU CHUẨN MIL-STD-810H ,IP69K, chống nước ,chống sốc,pin 22000mah , màn hình6,78 inch, NFC, Ram24GB(12Gb+12Gb),rom 256GB)-hàng chính hãng ",7990000
Điện thoại Xiaomi 14 5G (12GB/256GB) - Hàng chính hãng,22790000
Điện thoại Samsung Galaxy S24 8GB/512GB - Độc quyền Online - Hàng chính hãng,20490000
Máy tính bảng Samsung Galaxy Tab S9 FE+ (WiFi) 8GB/128G - Hàng chính hãng,12055800
Máy đọc sách Kindle Scribe - Hàng chính hãng,12560000
BÚT MÁY ĐỌC SÁCH KINDLE SCRIBE - HÀNG CHÍNH HÃNG,2000000
Điện thoại Realme C61 (4GB/128GB) - Hàng Chính Hãng,2790000
"Điện thoại Samsung Galaxy Z Flip6, điện thoại AI, 512GB, pin lớn nhất, Flexcam 50MP - Hàng chính hãng",30690000
Điện thoại Samsung Galaxy Z Flip6 12GB/256GB - Độc quyền online - Hàng chính hãng,25990000
Điện thoại Xiaomi Redmi Note 13 Pro 5G 12GB/512GB - Hàng Chính Hãng,10715000
"Máy đọc sách Kindle Scribe – thế hệ đầu tiên có thể đọc và viết, màn hình 10,2” 300PPI, đèn vàng warmlight, bộ nhớ 16-64GB, đồng bộ dữ liệu qua Microsoft Word - hàng nhập khẩu",9800000
Máy đọc sách Kobo Sage - hàng nhập khẩu,8679000
Điện Thoại Samsung Galaxy A05 - Hàng Chính Hãng,2875000
Điện Thoại Oppo A18 4GB/128GB - Hàng Chính Hãng,3209000
Điện Thoại Samsung A35 5G 8GB/128GB - Hàng Chính Hãng,7169000
Điện thoại bàn không dây Panasonic KX-TGD310 - Hàng Chính Hãng,1340000
Điện Thoại Sony XPERIA 10 MARK V  | ROM 128GB - Pin khủng 5000mAh - Hệ điều hành Snapdragon 695 - Màn hình OLED | HÀNG CHÍNH HÃNG,12490000
Máy tính bảng Samsung Galaxy Tab A9+ 5G 8GB/128GB - Hàng chính hãng,8490000
Điện thoại Tecno Spark 20 Pro+ (8+8)GB/256GB - Hàng Chính Hãng,5490000
Điện thoại Xiaomi Redmi 12 8GB/128GB - Hàng Chính Hãng,4370000
Điện thoại Samsung Galaxy Z Fold6 12GB/256GB - Độc quyền online - Hàng chính hãng,40990000
"Điện thoại OUKITEL WP18 (Chống nước ,chống va đập, pin khủng 12500mAh, Ram 4GB ,Rom 32GB ,màn hình 5.93 inch,Điện thoại chắc chắn) – HÀNG CHÍNH HÃNG",3990000
Điện thoại Vivo Y36 (8GB/128GB) - Hàng Chính Hãng - Camera 50MP - Sạc Nhanh 44W,5190000
"Điện Thoại Samsung A05s 4GB/128GB , Snapdragon 680 , Sạc nhanh 25W - Hàng Chính Hãng",3625000
"Máy tính bảng chắc chắn oukitel RT3 (chống nước,chống va đập,Ram 4Gb,Rom 64 Gb,màn hình 8 inch,pin 5150 mAh)- hÀng chính hãng",4990000
Máy tính bảng Samsung Galaxy Tab S9 12GB_256GB - Hàng chính hãng,20430000
OPPO Reno12 5G 12G/512GB (Hồng) - Hàng Chính Hãng,13990000
Điện thoại để bàn Panasonic KX-TS880 hàng chính hãng,1060000
Điện thoại Nokia 8210 4G - Hàng chính hãng,1680000
Điện thoại Xiaomi Redmi Note 13 Pro 128GB - Hàng Chính Hãng,7071000
OPPO Reno 12 5G 12G/512G - Hàng Chính Hãng,13640000
Điện thoại Samsung Galaxy M35 5G (8GB/128GB) - Hàng chính hãng,7340000
Máy tính bảng HANET Smart Edu Tablet Model T432 - Hàng Chính Hãng,3300000
"Máy đọc sách Kobo Clara (Clara Colour, Clara BW, Clara 2e, Clara HD) - 6inch, 16gb - Hàng Chính Hãng",4290000
Máy đọc sách Kindle 2022 (11th) Kids Edition kèm bao da chính hãng và tài khoản Free Kid+ 1 năm - Hàng nhập khẩu,2990000
Điện Thoại Xiaomi Redmi Note 13 8GB/128GB - Hàng Chính Hãng,4559000
Điện Thoại Samsung Galaxy A05 (4GB/64GB) - Hàng Chính Hãng,2875000
Điện Thoại Xiaomi Redmi 13C 6GB/128GB - Hàng Chính Hãng,2979000
Điện thoại Samsung Galaxy S24+ 12GB/512GB - Độc quyền Online - Hàng chính hãng,26490000
Máy tính bảng Samsung Galaxy Tab S9 FE 5G 8GB/256GB - Hàng chính hãng,12096000
Điện thoại Tecno CAMON 20 8GB/256GB - Camera 64MP + 32MP | 5000 mAh | Sạc nhanh 33W | 6.7'' FHD AMOLED - BH 13 Tháng - Hàng Chính Hãng,4990000
Điện thoại OPPO Reno8T 4G - Hàng chính hãng,8136000
Điện thoại Gaming Tecno POVA 4 8GB/128GB - Hàng Chính Hãng - MediaTek G99 | 6000mAh - 6.82 inch - Bảo hành 13 Tháng,4690000
Điện thoại Samsung Galaxy M15 5G - Hàng chính hãng,4339000
Điện thoại Samsung Galaxy M34 5G (8GB/128GB) - Hàng chính hãng,5949000
"Điện thoại OUKITEL WP16 (pin 10.600mAh,  Ram 8Gb,Rom 128Gb, màn hình 6,39 in , Android 11, Máy ảnh nhìn ban đêm 20MP, chống nước IP68,chống va đập, hai SIM 4G, NFC..) – hàng chính hãng",5990000
"Điện thoại Ulefone Note 17 Pro(Ram 12Gb,Rom 256Gb,Android 13,camera 108MP, MediaTek Helio G99,sạc nhanh 33W,Màn hình AMOLED 6.78 inch,pin 5.050mAh)- hàng chính hãng",8970000
Máy tính bảng Samsung Galaxy Tab A9+ Wi-Fi 4GB/64GB - Hàng chính hãng,5100500
Điện thoại Xiaomi Redmi Note 13 Pro 5G 12GB/512GB - Hàng Chính Hãng,10715000
Điện Thoại Masstel Tab 10A 3GB/32GB - Hàng Chính Hãng,2379000
Điện thoại Samsung Galaxy A15 LTE (8GB/128GB) - Hàng chính hãng,4419000
Máy tính bảng Vankyo MatrixPad Z10 - Hàng Chính Hãng,2990000
Điện Thoại Samsung Galaxy A55 8GB/128GB - Hàng Chính Hãng,8978364
Điện Thoại Oppo Reno12 F 5G 8GB/256GB - Hàng Chính Hãng,8629000
Điện thoại Xiaomi Poco M6 (6GB/128GB) - Hàng chính hãng,3880000
"Ulefone Armor 16S (loa toHiFi 122dB ,NFC, chống nước,chống sốc,Ram 16GB,rom128GB ,Camera 50MP,pin 9600mAh,Màn hình 5.93 inch)- hàng chính hãng",4990000
Máy tính bảng Edutab 10.4 & Case da tặng Quà hot Hệ thống quản lý học tập & kiểm soát dành cho Phụ huynh trọn đời - Hàng Chính Hãng,5769000
[MỚI] Điện thoại vivo Y17s - Hàng chính hãng - Camera 50MP - Pin 5000 mAh - Sạc nhanh- RAM mở rộng đến 8GB,3390000
Điện Thoại Xiaomi Redmi Note 12S (8GB/256GB) - Hàng Chính Hãng,6132000
Máy tính bảng VANKYO MatrixPad S30 - Hàng Chính Hãng,3090000
Điện thoại Tecno SPARK 10 Pro 8GB/128GB - Helio G88 | 5000 mAh | Sạc nhanh 18W | Cảm ứng vân tay - Hàng chính hãng,3990000
Samsung Galaxy Tab A9 (LTE) 8GB/128GB - Hàng chính hãng,5578000
OPPO A60 256GB - Hàng Chính Hãng,6295000
Điện thoại Xiaomi Redmi Note 13 (8GB/256GB) - Hàng chính hãng - Hàng Chính Hãng,5810000
Điện thoại Samsung Galaxy Z Flip6 12GB/512GB - Độc quyền online - Hàng chính hãng,29990000
Điện thoại Tecno SPARK 20c (8+8)GB/128GB - MTK G36 | 5000 mAh | Sạc nhanh 18W | Hàng Chính Hãng,2690000
Điện thoại Samsung Galaxy A05s (4GB/128GB) - Hàng chính hãng,3619000
"Điện thoại oukitel WP22 (Loa to,Chống nước ,chống sốc IP68/IP69K,Ram 13Gb(8GB+5Gb mở rộng),Rom 256Gb,Màn hình 6.58 FHD,tầm nhìn ban đêm,Pin 10.000mAh)- Hàng chính hãng",5990000
Điện thoại Oppo A38 - Hàng chính hãng,4379000
Điện thoại Samsung Galaxy Z Fold4 5G (12GB/256GB) - Hàng chính hãng,40790000
Điện thoại Samsung Galaxy A05s 4GB/128GB- Hàng Chính hãng,3625000
Máy tính bảng Kindle Fire Hd 10 2023 13th - Hàng nhập khẩu,3790000
Điện Thoại Oppo A17k (3GB/64GB),3276000
Máy tính bảng TCL Tab 10L Gen 2 WiFi 3GB/32GB - Hàng Chính Hãng,2290000
OPPO Reno 12 Pro 5G 12G/512G - Hàng Chính Hãng,18990000
Điện Thoại Xiaomi Redmi Note 12 Pro 5G 8GB/256GB - Hàng Chính Hãng,9000000
Điện thoại Xiaomi Redmi Note 13 (6GB/128GB) - Hàng chính hãng,4180000
Điện Thoại Tecno Spark 6 Go 4GB/64GB - Hàng Chính Hãng,2970000
Điện thoại Samsung Galaxy A05 (4GB/128GB) - Hàng chính hãng - ĐÃ KÍCH HOẠT BẢO HÀNH ĐIỆN TỬ,3037000
Điện thoại Xiaomi Redmi A3 - Hàng chính hãng,2789000
"Máy tính bảng Masstel Tab 10.1"" 4G 3GB/32GB - Hàng Chính Hãng",2990000
Điện thoại Samsung Galaxy A35 5G (8GB/128GB) - Hàng chính hãng,7299000
Điện thoại Xiaomi Redmi Note 13 Pro 8GB/256GB - Hàng Chính Hãng,7890000
Điện thoại HONOR X5 Plus - Hàng Chính Hãng,2390000
OPPO A60 128GB - Hàng Chính Hãng,5325000
Điện thoại Tecno CAMON 20 Premier 5G - 8GB/512GB | Dimensity 8050| Cụm Camera 108+50+ 2MP | AMOLED - Tần số quét 120Hz - Hàng chính hãng,11990000
Điện thoại vivo Y100 256GB - Hàng Chính Hãng,7459000
"Máy tính bảng Kindle Fire MAX 11, màn hình 11 inch, RAM 4GB, CPU Octa-core 2.2Ghz, bộ nhớ 64/128GB - Hàng chính hãng",5100000
Điện thoại Xiaomi Poco C65 - Hàng chính hãng,2749000
[MỚI] Điện thoại vivo Y17s - Hàng chính hãng - Camera 50MP - Pin 5000 mAh - Sạc nhanh- RAM mở rộng đến 8GB,3990000
Điện thoại bàn không dây Panasonic KX-TGC310-Hàng Chính Hãng,1200000
Điện thoại Xiaomi Redmi Note 13 Pro 4G (8GB/128GB) - Hàng chính hãng,6349000
Điện thoại vivo Y03 (4GB+64GB) - Hàng chính hãng,2990000
Máy tính bảng VNPT Technology VNT Tab8 Plus 8 Inch Android 11 RAM 4GB - Hàng chính hãng,3146000
Máy tính bảng viết tay Xiaomi Wicue màn hình LCD màu cầu vồng không đèn nền 12inch,416000
Máy đọc sách kindle 2022 11th - hàng chính hãng,2990000
Điện thoại HONOR X6b 6GB/128GB - Hàng Chính Hãng,3870000
Điện thoại OPPO Reno11 Pro 5G - Hàng Chính Hãng,16890000
Điện thoại Realme C11 2021 (4GB/64GB) - Hàng chính hãng,3780000
Máy Đọc Sách Kindle Oasis (10th Gen) 2019- 8GB - Hàng Chính Hãng,6722100
Điện thoại Oppo A17k (3GB/64GB) - Hàng chính hãng,2569000
Điện Thoại Samsung Galaxy A34 5G - Hàng Chính Hãng,7164000
Điện thoại Oppo A58 (6GB/128GB) - Hàng chính hãng,4980000
Điện thoại Xiaomi Redmi Note 12 Pro 5G (8GB/256GB) - Hàng chính hãng,9000000
Máy đọc sách Kindle Oasis 3 (2019) - Amazon - Hàng nhập khẩu,6700000
Điện thoại Samsung Galaxy A05s (4Gb/128Gb) - Hàng chính hãng - Đã kích hoạt bảo hành điện tử,3625000
"Máy tính bảng Oukitel RT1 - hàng chính hãng  (chống nước,chống va đập , pin khủng,pin 10.000mAh,màn hình 10,1 inch,Ram 4Gb,Rom 64Gb,tám nhân,học online)",6990000
Máy đọc sách Kobo Elipsa - Hàng nhập khẩu,12000000
Máy tính bảng OPPO Pad Neo 4G 8GB/128GB - Hàng Chính Hãng,7990000
"Điện thoại chắc chắn Ulefone Armor X13, (Ram 12GB(6Gb+6Gb),Rom 64GB,chống nước,chống va đập IP68/IP69K, Android 13,CPU MediaTek Helio G36 Octa Core,Màn hình 6,52 inch, Mạng: 4G, NFC,OTG)-hàng chính hãng",4390000
"Điện thoại siêu bền Oukitel WP33 Pro 5G (Loa to 136 dB (5W) ,Pin 22000mAh,màn hình 6,6 inch FHD+,Ram 24GB(8+16),Rom 256GB, Camera 64MP,sạc nhanh 33W)- hàng chính hãng",8990000
Điện thoại OPPO A58 8GB - Hàng Chính Hãng,5390000
Xiaomi Redmi 13 (6+128G) - Hàng Chính Hãng,4161000
Điện thoại Realme Note 50 (3GB/64GB) - Hàng chính hãng,2359000
Điện thoại OPPO CPH2471 - A17k Xanh - Hàng Chính Hãng (chỉ giao HN và một số khu vực),3276000
Điện thoại Samsung Galaxy A05 (4GB/128GB)- Helio G85 - Sạc nhanh 25W - Hàng chính hãng,3037000
"Điện Thoại Chắc Chắn OUKITEL WP23 PRO ( Ram 16Gb(8GB+8Gb),Rom 128GB ,Android13, Pin 10600mAh,Màn hình 6.52 ""HD + ,13MP camera Sau,chống nước,chống va đập)-hàng chính hãng",4990000
Điện thoại Xiaomi Redmi Note 12 Pro 5G (8GB/256GB) - Hàng chính hãng,9000000
Điện thoại Samsung A05 4GB - hàng chính hãng,3037000
Máy Đọc Sách Likebook P10 - Hàng chính hãng,9090000
Điện thoại Xiaomi Redmi A3 (3GB/64GB) - Hàng Chính Hãng,2390000
Điện thoại Xiaomi Redmi Note 13 (8GB/128GB) - Hàng Chính Hãng,5131000
Điện Thoại Samsung Galaxy A34 5G (8GB/128GB) - Hàng Chính Hãng,7164000
Điện thoại Xiaomi Redmi 10 (4GB/128GB) - Hàng chính hãng,4280000
Điện Thoại Samsung A34 5G 8GB/128GB - Hàng Chính Hãng,7164000
Điện thoại Panasonic KX-TSC11MX -Hàng chính hãng,589000
Điện Thoại Samsung Galaxy A34 5G (8GB/128GB) ĐKH -  Hàng Chính Hãng,7164000
Điện thoại realme C67 256GB - Hàng Chính Hãng,5890000
Điện thoại bàn Panasonix KX-TGD312 hàng chính hãng,1950000
Máy đọc sách Kindle Oasis 3 10th - Hàng nhập khẩu,6722100
Điện thoại bàn không dây Panasonic KX-TGC313 - Hàng Chính Hãng,2250000
"Điện thoại thông minh itel A26 - giá rẻ | 2 Sim 2 Sóng 4G LTE | Màn hình IPS 5.7"" HD+ | RAM 2GB + ROM 32 GB (Hỗ trợ thẻ nhớ 32 GB) | Mở khoá bằng Gương Mặt | Chính Hãng bảo hành 12 tháng| 1 đổi 1 trong 30 ngày",2390000
"Điện thoại Oukitel  WP12 Pro (chống nước,chống va đập,RAM 8GB(Ram 4GB+ 4Gb),Rom 64 Gb,8 nhân)- hÀng chính hãng",3590000
Điện thoại realme C65 (8GB/256GB) - Hàng Chính Hãng,4690000
Điện thoại vivo Y28 8GB/128GB - Hàng Chính Hãng,5645000
Điện thoại Samsung Galaxy A34 5G (8GB/128GB) - Hàng chính hãng,7164000
"Máy tính bảng Kindle Fire HD8 PLUS 2022 (Fire HD 8 12th) - Màn hình 8inch HD, RAM 3GB, CPU Hexa-core 2.0 GHz, CÀI ĐƯỢC CH PLAY- Hàng nhập khẩu",2790000
Điện Thoại Bàn Panasonic KX-TS500MX - Panasonic KX-TS500MX Integrated Telephone System - Hàng chính hãng,310000
"Điện thoại Ulefone Armor 13 (pin khủng,pin 13.200mAh, Ram 8Gb,Rom 256Gb,chống sốc,chống va đập,nội soi,tia hồng ngoại,tia lade,loa to,học online)- hàng chính hãng",8980000
Máy tính bảng Lenovo Tab M11 4G 4GB/128GB - Hàng Chính Hãng,6190000
"Combo Máy đọc sách Kindle Scribe kèm bút – thế hệ đầu tiên có thể đọc và viết, màn hình 10,2” 300PPI, đèn vàng warmlight, bộ nhớ 16-64GB, đồng bộ dữ liệu qua Microsoft Word - hàng nhập khẩu",11178277
Máy tính bảng OPPO Pad Neo WiFi - Hàng Chính Hãng,6990000
Máy tính bảng Samsung Galaxy Tab S9+ 5G 12GB_512GB - Hàng chính hãng,25990000
Điện thoại Samsung Galaxy A34 5G 8GB/128GB Bạc - Hàng chính hãng,7164000
Điện thoại vivo Y18 4GB/128GB - Hàng Chính Hãng,3890000
"Máy tính bảng siêu bền Ulefone Armor Pad 3 Pro (Pin 33280 mAh,chống nước,chống va đập,RAM 16GB (8+8), ROM 256GB ,camera 50MP,Màn hình 10.36 Inch)-hàng chính hãng",9990000
Xiaomi Redmi 13 (6+128G) - Hàng Chính Hãng,4161000
Điện Thoại Samsung Galaxy A35 8GB/128GB - Hàng Chính Hãng,7402411
Điện thoại vivo V30e 5G 12GB256GB - Hàng Chính Hãng,10390000
Điện thoại realme Note 50 128GB Xanh Dương - Hàng Chính Hãng,2790000
Điện thoại Xiaomi Redmi Note 12 (8GB/128GB) - Hàng chính hãng,4039000
Samsung Galaxy A34 5G A346E (8+128G) Silver Bạc - Hàng Chính Hãng (chỉ giao HN và một số khu vực),7164000
Điện thoại Xiaomi Redmi 13C (6GB/128GB) - Hàng chính hãng,3039000
Điện Thoại Oppo A38 6GB/128GB - Hàng Chính Hãng,4179000
Điện thoại Samsung Galaxy A34 5G 8GB/128GB Đen - Hàng chính hãng,7164000
Điện thoại Samsung Galaxy A34 5G (8GB/128GB) - Hàng chính hãng - ĐÃ KÍCH HOẠT BẢO HÀNH ĐIỆN TỬ,7164000
Máy tính bảng Edutab 10.1 Pro & Case da tặng Hệ thống quản lý học tập & kiểm soát dành cho Phụ huynh trọn đời,4989000
Điện thoại vivo Y03 128GB - Hàng Chính Hãng,3290000
Điện Thoại Để Bàn Panasonic KX-TS500MX - Hàng Chính Hãng,310000
Điện Thoại IP Phone Fanvil X1S - Hàng Chính Hãng,950000
"Máy tính bảng học tập thông minh Nexta Edutab Pro tối ưu cho trẻ 9-12 tuổi, 64GB, tích hợp ứng dụng học tập - Hàng nhập khẩu",6490000
OPPO Reno12 F 5G 8GB Xanh Lá - Hàng Chính Hãng,9490000
Điện Thoại di động vivo Y16 (4GB/128GB) - Hàng Chính Hãng,4490000
Tay con điện thoại bàn Panasonic TGDA30-hàng chính hãng,990000
Điện thoại Samsung Galaxy A34 5G 8GB/128GB Xanh - Hàng chính hãng,7164000
Điện Thoại Oppo A60 8GB/128GB - Hàng Chính Hãng,5169000
điện thoại  IP622C - hàng chính hãng,1650000
Điện thoại để bàn Panasonic KX-TS880 hàng chính hãng,1150000
Vivo Y28 8- 256 Xanh đen - Hàng Chính Hãng,6390000
Máy tính bảng OPPO Pad Air WiFi 4GB/64GB - Hàng Chính Hãng,5490000
Điện Thoại Xiaomi Redmi 13C 4GB/128GB - Hàng Chính Hãng,2819000
Điện thoại Realme C25Y (4GB/128GB) - Hàng chính hãng,3519000
Điện thoại OPPO A58 6GB - Hàng Chính Hãng,4590000
Điện thoại realme C65 (8GB/128GB) - Hàng Chính Hãng,4190000
Vivo Y28 8- 256 Cam vàng - Hàng Chính Hãng,6390000
Điện thoại Samsung Galaxy A05 (4GB/128GB) - Hàng chính hãng,2919000
Điện thoại vivo Y100 8GB/128GB - Hàng Chính Hãng,7290000
Điện thoại realme Note 50 64GB - Hàng Chính Hãng,2490000
Điện thoại Xiaomi Redmi A3 (4GB/128GB) - Hàng Chính Hãng,2890000
"Máy tính bảng học tập giá rẻ Nexta Edutab Kid cho bé từ 5-8 tuổi, màn hình full HD 64GB, bao da, kính dán cường lực, hàng chính hãng",4990000
"Máy tính bảng OUKITEL RT2 chắc chắn (chống nước,chống va đập ,pin xài lâu,Pin  20.000Mah, Màn hình  10,1 inch,Ram 8GB,Rom  128 GB, lõi tám nhân,Máy ảnh 16MP,Android 12,sạc nhanh 33W)- hàng chính hãng",9990000
Điện thoại Xiaomi Redmi 10A (2GB/32GB) - Hàng chính hãng,2556000
Điện thoại Samsung Galaxy A34 5G (8GB/128GB) - Hàng chính hãng,7164000
Điện thoại OPPO A18 64GB - Hàng Chính Hãng,3190000
Cisco Unified IP Phone 7962G - Hàng chính hãng,4900000
Điện thoại Panasonic KX-TGD310CX - Hàng chính hãng,1169000
Điện thoại Samsung Galaxy A05 (4GB/128GB) - Hàng chính hãng,3037000
Điện thoại Ip phone Cisco CP-7841-K9 chính hãng,4200000
Điện Thoại Để Bàn Panasonic KX-TS500MX - Hàng Chính Hãng,380000
Điện Thoại Samsung Galaxy A55 8GB/256GB - Hàng Chính Hãng,9715872
"Máy Tính Bảng Học Tập Smart Study 1, Hàng Chính Hãng, Cho Trẻ Từ 5-12 Tuổi, 64GB, Tích Hợp Chương Trình Học Tập Toàn Diện",7900000
Điện thoại bàn Panasonic KX-TGC313 hàng chính hãng,2150000
Điện thoại vivo Y18S 6GB/128GB - Hàng Chính Hãng,4190000
Điện thoại Panasonic KX-TGC310CX -Hàng chính hãng,980000
Điện thoại bàn có dây Panasonic KX-TS560MX,730000
Điện thoại OPPO CPH2471 - A17k Vàng - Hàng Chính Hãng (chỉ giao HN và một số khu vực),3276000
"Máy tính bảng siêu bền Oukitel RT6 (chống nước,chống va đập,pin 20000mAh,Ram 16Gb(8GB+8Gb),Rom 256GB,Màn hình 10.1"" ,FHD,Android 13,CPU MTK8788 ,Camera 16MP,sạc nhanh 33W)-hàng chính hãng",9990000
Điện Thoại OPPO A17K (3GB/64GB) - Hàng Chính Hãng,3276000
Vivo Y28 8- 128 Cam vàng - Hàng Chính Hãng,5645000
Xiaomi Redmi A3 (4+128G) Xanh lá - Hàng Chính Hãng,2890000
Điện thoại Panasonic KX-TS520MX - Trắng - Hàng chính hãng,450000
Tay con điện thoại bàn Panasonic TGCA30- Hàng chính hãng-Chỉ xài được khi đã có máy mẹ,750000
"Máy tính bảng chắc chắn Oukitel RT7 5G(Chống va đập,Màn hình 10.1"" FHD+,Pin 32000mAh ,Ram 24GB,Rom 256GB, Android 13,Camera sau 48MP, tầm nhìn ban đêm 20MP,camera trước 32MP,5G) – hàng chính hãng",11970000
Máy tính bảng TCL Tab 10 Gen 2 4G 4GB/64GB - Hàng Chính Hãng,3790000
Điện Thoại Bàn Panasonic KX-TS500,339000
"Máy tính bảng chắc chắn oukitel RT5 (chống nước,chống va đập,pin 11.000mAh,Màn hình 10.1 inch FHD, Ram 14Gb,Rom 256Gb, CPU : Mediatek 8788,lõi 8, lên đến 2.0 GHz, Camera Trước,sau 16 MP, Android 13)- hàng chính hãng",7490000
Điện thoại bàn không dây Panasonic KX-TGD312 - Hàng Chính Hãng,1920000
Điện thoại bàn Panasonic KX-TS880 hàng chính hãng,1090000
Điện Thoại Bàn Panasonic KX-TSC11 - Hàng Chính Hãng,620000
Điện thoại vivo Y18 - Hàng Chính Hãng,4355000
Điện Thoại Oppo A17k 3GB/64GB - Hàng Chính Hãng,3276000
Cisco Unified IP Phone CP-7821-K9 - Hàng chính hãng,2580000
Điện thoại bàn Panasonic KX-TGB112 hàng chính hãng,1280000
Điện thoại vivo Y03 4GB/64GB - Hàng Chính Hãng,2890000
Điện thoại realme Note 50 128GB - Hàng Chính Hãng,2890000
ĐIỆN THOẠI HỘI NGHỊ YEALINK CP960 -HÀNG CHÍNH HÃNG,15230000
Điện thoại Panasonic KX-TS520MX -Hàng chính hãng,450000
Điện thoại Panasonic KX-TGB112CX -Hàng chính hãng,1190000
Điện thoại VoIP Yealink SIP-T30,1050000
Điện thoại VoIP Yealink SIP-T30 - Hàng Chính Hãng,1200000
Điện thoại Panasonic KX-TGC312CX -Hàng chính hãng,1549000
Điện thoại vivo V30e 5G 8GB/256GB - Hàng Chính Hãng,9490000
Điện thoại Ip phone Cisco CP-7945G chính hãng,4500000
Điện thoại Panasonic KX-TS560MX -Hàng chính hãng,699000
Điện thoại IP Grandstream GRP 2601P hàng chính hãng,1050000
Điện thoại IP Grandstream GRP 2601 hàng chính hãng,880000
Điện thoại vivo Y03 4GB/64GB - Hàng Chính Hãng,2890000
"(Hàng chính hãng) Điện thoại bàn hữu tuyến H2P, hiệu Alcatel - Lucent",2220000
Điện thoại bàn Panasonic KX-TS580 hàng chính hãng,999000
Điện Thoại Nokia 3210 4G - Hàng Chính Hãng,1739000
"Điện thoại Ulefone armor 22(chống nước,chống va đập, Màn hình giọt nước 6,58 inch, RAM:8GB,Rom 128GB/256GB,Thẻ nhớ microSD Lên đến 512GB, Camera kép 64MP + 64MP)- hàng chính hãng",5990000
Máy tính bảng Xiaomi Redmi Pad SE 6GB/128GB - Hàng chính hãng,5490000
Điện thoại Xiaomi Redmi Note 13 Pro 8GB/256GB - Hàng Chính Hãng,7990000
Điện thoại Oppo A3 (6GB/128GB) - Hàng chính hãng,4729000
Điện Thoại Samsung Galaxy A55 12GB/256GB - Hàng Chính Hãng,10637780
Điện thoại OnePlus 10T 5G - Hàng Chính Hãng,15990000
Điện Thoại Samsung Galaxy A35 8GB/256GB - Hàng Chính Hãng,7839919
Máy tính bảng Xelex Gama Tab X8 EDU (Hàng chính hãng),2890000
"Máy tính bảng Tab10 Kidzone dành cho bé - quản lý thời gian cho bé - bé học tốt, hiệu quả cao - 1 đổi 1 trong 100 ngày - Hàng chính hãng",2990000
Máy tính bảng Masstel tab 10.1 pro - Hàng chính hãng,4290000
Điện Thoại Samsung A55 5G 8GB/128GB - Hàng Chính Hãng,8909000
Điện thoại để bàn Panasonic KX TSC11MX hàng chính hãng,650000
Điện thoại Samsung Galaxy A15 5G (8GB/256GB) - Hàng chính hãng,5489000
Điện thoại vivo V30 5G 12GB/512GB - Hàng Chính Hãng,13990000
Điện thoại cố định Panasonic KX-TS520MX ( màu đen)-Hàng chính hãng,469000
Điện Thoại Xiaomi Redmi 14C 4GB/128GB - Hàng Chính Hãng,3079000
Điện thoại Masstel Hapi 30 4G Hàng Chính Hãng,2290000
Điện Thoại Nokia 8210 4G - Hàng Chính Hãng,1739000
Điện thoại để bàn Panasonic KX-TS580 hàng chính hãng,850000
Điện thoại bàn Không Dây Lắp Sim Homephone Hp1002c,1299000
Điện Thoại Oppo A3 6GB/128GB - Hàng Chính Hãng,4679000
"Điện thoại Samsung Galaxy Z Fold6, 512GB, điện thoại AI, màn hình cực đại 7.6"", mỏng nhẹ nhất - Hàng chính hãng",46990000
